year,key,count,fatalities
1970,"Aerial Work (Calibration, Photo)",0,0
1970,Agricultural,0,0
1970,Ambulance,0,0
1970,Cargo,1,2
1970,Demonstration,0,0
1970,Executive,1,2
1970,Ferry/positioning,3,0
1970,Fire fighting,0,0
1970,Illegal Flight,0,0
1970,International Scheduled Passenger,2,1
1970,Military,5,134
1970,Non Scheduled Passenger,2,30
1970,Official state flight,0,0
1970,Parachuting,0,0
1970,Passenger,0,0
1970,Private,0,0
1970,Scheduled Passenger,11,63
1970,Survey/research,0,0
1970,Test,1,2
1970,Training,1,0
1970,Unknown,0,0
1971,"Aerial Work (Calibration, Photo)",0,0
1971,Agricultural,0,0
1971,Ambulance,0,0
1971,Cargo,1,4
1971,Demonstration,0,0
1971,Executive,0,0
1971,Ferry/positioning,1,3
1971,Fire fighting,0,0
1971,Illegal Flight,0,0
1971,International Scheduled Passenger,1,49
1971,Military,5,34
1971,Non Scheduled Passenger,0,0
1971,Official state flight,0,0
1971,Parachuting,0,0
1971,Passenger,0,0
1971,Private,0,0
1971,Scheduled Passenger,8,307
1971,Survey/research,0,0
1971,Test,0,0
1971,Training,0,0
1971,Unknown,1,4
1972,"Aerial Work (Calibration, Photo)",0,0
1972,Agricultural,0,0
1972,Ambulance,0,0
1972,Cargo,2,5
1972,Demonstration,0,0
1972,Executive,2,3
1972,Ferry/positioning,1,10
1972,Fire fighting,0,0
1972,Illegal Flight,0,0
1972,International Scheduled Passenger,2,64
1972,Military,8,111
1972,Non Scheduled Passenger,3,159
1972,Official state flight,0,0
1972,Parachuting,0,0
1972,Passenger,0,0
1972,Private,0,0
1972,Scheduled Passenger,14,465
1972,Survey/research,0,0
1972,Test,0,0
1972,Training,1,6
1972,Unknown,1,2
1973,"Aerial Work (Calibration, Photo)",0,0
1973,Agricultural,0,0
1973,Ambulance,0,0
1973,Cargo,0,0
1973,Demonstration,0,0
1973,Executive,0,0
1973,Ferry/positioning,0,0
1973,Fire fighting,0,0
1973,Illegal Flight,0,0
1973,International Scheduled Passenger,6,231
1973,Military,1,24
1973,Non Scheduled Passenger,0,0
1973,Official state flight,0,0
1973,Parachuting,0,0
1973,Passenger,0,0
1973,Private,0,0
1973,Scheduled Passenger,15,391
1973,Survey/research,0,0
1973,Test,0,0
1973,Training,1,0
1973,Unknown,0,0
1974,"Aerial Work (Calibration, Photo)",0,0
1974,Agricultural,0,0
1974,Ambulance,0,0
1974,Cargo,2,4
1974,Demonstration,0,0
1974,Executive,0,0
1974,Ferry/positioning,1,3
1974,Fire fighting,0,0
1974,Illegal Flight,0,0
1974,International Scheduled Passenger,0,0
1974,Military,1,7
1974,Non Scheduled Passenger,1,32
1974,Official state flight,1,3
1974,Parachuting,0,0
1974,Passenger,0,0
1974,Private,0,0
1974,Scheduled Passenger,4,109
1974,Survey/research,0,0
1974,Test,0,0
1974,Training,1,2
1974,Unknown,1,0
1975,"Aerial Work (Calibration, Photo)",0,0
1975,Agricultural,0,0
1975,Ambulance,0,0
1975,Cargo,2,6
1975,Demonstration,0,0
1975,Executive,0,0
1975,Ferry/positioning,1,0
1975,Fire fighting,0,0
1975,Illegal Flight,1,2
1975,International Scheduled Passenger,4,0
1975,Military,3,36
1975,Non Scheduled Passenger,2,188
1975,Official state flight,0,0
1975,Parachuting,0,0
1975,Passenger,0,0
1975,Private,0,0
1975,Scheduled Passenger,8,69
1975,Survey/research,0,0
1975,Test,0,0
1975,Training,0,0
1975,Unknown,0,0
1976,"Aerial Work (Calibration, Photo)",0,0
1976,Agricultural,0,0
1976,Ambulance,0,0
1976,Cargo,2,8
1976,Demonstration,0,0
1976,Executive,1,7
1976,Ferry/positioning,1,0
1976,Fire fighting,0,0
1976,Illegal Flight,0,0
1976,International Scheduled Passenger,3,74
1976,Military,4,47
1976,Non Scheduled Passenger,0,0
1976,Official state flight,0,0
1976,Parachuting,0,0
1976,Passenger,0,0
1976,Private,1,5
1976,Scheduled Passenger,8,405
1976,Survey/research,0,0
1976,Test,1,2
1976,Training,0,0
1976,Unknown,0,0
1977,"Aerial Work (Calibration, Photo)",0,0
1977,Agricultural,0,0
1977,Ambulance,0,0
1977,Cargo,3,10
1977,Demonstration,1,0
1977,Executive,2,4
1977,Ferry/positioning,0,0
1977,Fire fighting,0,0
1977,Illegal Flight,0,0
1977,International Scheduled Passenger,2,33
1977,Military,2,22
1977,Non Scheduled Passenger,2,75
1977,Official state flight,0,0
1977,Parachuting,0,0
1977,Passenger,0,0
1977,Private,0,0
1977,Scheduled Passenger,3,146
1977,Survey/research,0,0
1977,Test,1,2
1977,Training,2,11
1977,Unknown,0,0
1978,"Aerial Work (Calibration, Photo)",0,0
1978,Agricultural,0,0
1978,Ambulance,0,0
1978,Cargo,0,0
1978,Demonstration,0,0
1978,Executive,1,0
1978,Ferry/positioning,2,8
1978,Fire fighting,0,0
1978,Illegal Flight,0,0
1978,International Scheduled Passenger,1,0
1978,Military,5,101
1978,Non Scheduled Passenger,0,0
1978,Official state flight,0,0
1978,Parachuting,0,0
1978,Passenger,0,0
1978,Private,0,0
1978,Scheduled Passenger,3,2
1978,Survey/research,0,0
1978,Test,1,3
1978,Training,2,1
1978,Unknown,1,0
1979,"Aerial Work (Calibration, Photo)",0,0
1979,Agricultural,0,0
1979,Ambulance,0,0
1979,Cargo,3,6
1979,Demonstration,0,0
1979,Executive,0,0
1979,Ferry/positioning,0,0
1979,Fire fighting,0,0
1979,Illegal Flight,0,0
1979,International Scheduled Passenger,4,242
1979,Military,0,0
1979,Non Scheduled Passenger,4,12
1979,Official state flight,0,0
1979,Parachuting,0,0
1979,Passenger,0,0
1979,Private,0,0
1979,Scheduled Passenger,7,88
1979,Survey/research,0,0
1979,Test,0,0
1979,Training,1,6
1979,Unknown,0,0
1980,"Aerial Work (Calibration, Photo)",0,0
1980,Agricultural,0,0
1980,Ambulance,0,0
1980,Cargo,5,6
1980,Demonstration,0,0
1980,Executive,0,0
1980,Ferry/positioning,0,0
1980,Fire fighting,0,0
1980,Illegal Flight,0,0
1980,International Scheduled Passenger,0,0
1980,Military,2,18
1980,Non Scheduled Passenger,4,58
1980,Official state flight,0,0
1980,Parachuting,0,0
1980,Passenger,0,0
1980,Private,0,0
1980,Scheduled Passenger,7,465
1980,Survey/research,0,0
1980,Test,0,0
1980,Training,0,0
1980,Unknown,0,0
1981,"Aerial Work (Calibration, Photo)",0,0
1981,Agricultural,0,0
1981,Ambulance,0,0
1981,Cargo,2,4
1981,Demonstration,0,0
1981,Executive,1,6
1981,Ferry/positioning,1,0
1981,Fire fighting,0,0
1981,Illegal Flight,0,0
1981,International Scheduled Passenger,0,0
1981,Military,0,0
1981,Non Scheduled Passenger,3,201
1981,Official state flight,0,0
1981,Parachuting,0,0
1981,Passenger,0,0
1981,Private,0,0
1981,Scheduled Passenger,4,47
1981,Survey/research,0,0
1981,Test,0,0
1981,Training,0,0
1981,Unknown,0,0
1982,"Aerial Work (Calibration, Photo)",0,0
1982,Agricultural,0,0
1982,Ambulance,0,0
1982,Cargo,3,18
1982,Demonstration,0,0
1982,Executive,0,0
1982,Ferry/positioning,0,0
1982,Fire fighting,0,0
1982,Illegal Flight,0,0
1982,International Scheduled Passenger,2,17
1982,Military,2,11
1982,Non Scheduled Passenger,1,0
1982,Official state flight,0,0
1982,Parachuting,0,0
1982,Passenger,0,0
1982,Private,1,10
1982,Scheduled Passenger,5,294
1982,Survey/research,0,0
1982,Test,0,0
1982,Training,0,0
1982,Unknown,0,0
1983,"Aerial Work (Calibration, Photo)",0,0
1983,Agricultural,0,0
1983,Ambulance,0,0
1983,Cargo,4,2
1983,Demonstration,1,0
1983,Executive,0,0
1983,Ferry/positioning,1,3
1983,Fire fighting,0,0
1983,Illegal Flight,0,0
1983,International Scheduled Passenger,1,51
1983,Military,0,0
1983,Non Scheduled Passenger,2,2
1983,Official state flight,0,0
1983,Parachuting,0,0
1983,Passenger,0,0
1983,Private,0,0
1983,Scheduled Passenger,12,201
1983,Survey/research,0,0
1983,Test,0,0
1983,Training,1,0
1983,Unknown,0,0
1984,"Aerial Work (Calibration, Photo)",0,0
1984,Agricultural,0,0
1984,Ambulance,0,0
1984,Cargo,1,4
1984,Demonstration,0,0
1984,Executive,1,3
1984,Ferry/positioning,1,1
1984,Fire fighting,0,0
1984,Illegal Flight,0,0
1984,International Scheduled Passenger,1,0
1984,Military,1,6
1984,Non Scheduled Passenger,2,11
1984,Official state flight,0,0
1984,Parachuting,1,0
1984,Passenger,0,0
1984,Private,0,0
1984,Scheduled Passenger,0,0
1984,Survey/research,0,0
1984,Test,1,0
1984,Training,2,3
1984,Unknown,0,0
1985,"Aerial Work (Calibration, Photo)",0,0
1985,Agricultural,0,0
1985,Ambulance,0,0
1985,Cargo,1,2
1985,Demonstration,0,0
1985,Executive,1,2
1985,Ferry/positioning,0,0
1985,Fire fighting,0,0
1985,Illegal Flight,0,0
1985,International Scheduled Passenger,4,390
1985,Military,1,7
1985,Non Scheduled Passenger,1,0
1985,Official state flight,0,0
1985,Parachuting,0,0
1985,Passenger,0,0
1985,Private,0,0
1985,Scheduled Passenger,8,250
1985,Survey/research,0,0
1985,Test,0,0
1985,Training,0,0
1985,Unknown,1,0
1986,"Aerial Work (Calibration, Photo)",0,0
1986,Agricultural,0,0
1986,Ambulance,0,0
1986,Cargo,0,0
1986,Demonstration,0,0
1986,Executive,1,6
1986,Ferry/positioning,0,0
1986,Fire fighting,0,0
1986,Illegal Flight,0,0
1986,International Scheduled Passenger,1,13
1986,Military,0,0
1986,Non Scheduled Passenger,1,0
1986,Official state flight,1,34
1986,Parachuting,0,0
1986,Passenger,0,0
1986,Private,1,2
1986,Scheduled Passenger,6,17
1986,Survey/research,0,0
1986,Test,0,0
1986,Training,1,4
1986,Unknown,1,0
1987,"Aerial Work (Calibration, Photo)",0,0
1987,Agricultural,0,0
1987,Ambulance,0,0
1987,Cargo,4,8
1987,Demonstration,1,3
1987,Executive,1,0
1987,Ferry/positioning,2,0
1987,Fire fighting,0,0
1987,Illegal Flight,0,0
1987,International Scheduled Passenger,1,37
1987,Military,2,55
1987,Non Scheduled Passenger,2,60
1987,Official state flight,0,0
1987,Parachuting,0,0
1987,Passenger,0,0
1987,Private,0,0
1987,Scheduled Passenger,9,224
1987,Survey/research,0,0
1987,Test,1,0
1987,Training,1,5
1987,Unknown,0,0
1988,"Aerial Work (Calibration, Photo)",0,0
1988,Agricultural,0,0
1988,Ambulance,0,0
1988,Cargo,2,9
1988,Demonstration,0,0
1988,Executive,0,0
1988,Ferry/positioning,2,3
1988,Fire fighting,0,0
1988,Illegal Flight,0,0
1988,International Scheduled Passenger,2,7
1988,Military,1,0
1988,Non Scheduled Passenger,0,0
1988,Official state flight,0,0
1988,Parachuting,0,0
1988,Passenger,0,0
1988,Private,0,0
1988,Scheduled Passenger,8,166
1988,Survey/research,0,0
1988,Test,0,0
1988,Training,0,0
1988,Unknown,2,4
1989,"Aerial Work (Calibration, Photo)",0,0
1989,Agricultural,1,4
1989,Ambulance,1,4
1989,Cargo,3,18
1989,Demonstration,0,0
1989,Executive,3,12
1989,Ferry/positioning,0,0
1989,Fire fighting,0,0
1989,Illegal Flight,0,0
1989,International Scheduled Passenger,1,170
1989,Military,2,6
1989,Non Scheduled Passenger,4,124
1989,Official state flight,0,0
1989,Parachuting,0,0
1989,Passenger,1,0
1989,Private,0,0
1989,Scheduled Passenger,10,179
1989,Survey/research,0,0
1989,Test,0,0
1989,Training,0,0
1989,Unknown,0,0
1990,"Aerial Work (Calibration, Photo)",1,0
1990,Agricultural,0,0
1990,Ambulance,0,0
1990,Cargo,2,0
1990,Demonstration,0,0
1990,Executive,1,3
1990,Ferry/positioning,2,1
1990,Fire fighting,0,0
1990,Illegal Flight,0,0
1990,International Scheduled Passenger,1,0
1990,Military,2,10
1990,Non Scheduled Passenger,1,2
1990,Official state flight,0,0
1990,Parachuting,0,0
1990,Passenger,0,0
1990,Private,0,0
1990,Scheduled Passenger,4,68
1990,Survey/research,0,0
1990,Test,0,0
1990,Training,1,0
1990,Unknown,1,0
1991,"Aerial Work (Calibration, Photo)",0,0
1991,Agricultural,0,0
1991,Ambulance,0,0
1991,Cargo,5,31
1991,Demonstration,0,0
1991,Executive,1,9
1991,Ferry/positioning,1,2
1991,Fire fighting,0,0
1991,Illegal Flight,0,0
1991,International Scheduled Passenger,3,0
1991,Military,0,0
1991,Non Scheduled Passenger,0,0
1991,Official state flight,0,0
1991,Parachuting,0,0
1991,Passenger,0,0
1991,Private,0,0
1991,Scheduled Passenger,6,129
1991,Survey/research,0,0
1991,Test,0,0
1991,Training,0,0
1991,Unknown,2,2
1992,"Aerial Work (Calibration, Photo)",0,0
1992,Agricultural,0,0
1992,Ambulance,0,0
1992,Cargo,7,20
1992,Demonstration,0,0
1992,Executive,1,8
1992,Ferry/positioning,1,4
1992,Fire fighting,1,2
1992,Illegal Flight,0,0
1992,International Scheduled Passenger,1,113
1992,Military,4,170
1992,Non Scheduled Passenger,2,48
1992,Official state flight,0,0
1992,Parachuting,0,0
1992,Passenger,0,0
1992,Private,1,0
1992,Scheduled Passenger,5,70
1992,Survey/research,0,0
1992,Test,1,3
1992,Training,1,1
1992,Unknown,0,0
1993,"Aerial Work (Calibration, Photo)",0,0
1993,Agricultural,0,0
1993,Ambulance,0,0
1993,Cargo,1,0
1993,Demonstration,0,0
1993,Executive,1,0
1993,Ferry/positioning,2,2
1993,Fire fighting,0,0
1993,Illegal Flight,0,0
1993,International Scheduled Passenger,4,2
1993,Military,1,30
1993,Non Scheduled Passenger,3,110
1993,Official state flight,0,0
1993,Parachuting,0,0
1993,Passenger,0,0
1993,Private,1,3
1993,Scheduled Passenger,8,81
1993,Survey/research,0,0
1993,Test,1,3
1993,Training,0,0
1993,Unknown,0,0
1994,"Aerial Work (Calibration, Photo)",0,0
1994,Agricultural,0,0
1994,Ambulance,0,0
1994,Cargo,5,3
1994,Demonstration,0,0
1994,Executive,0,0
1994,Ferry/positioning,2,5
1994,Fire fighting,0,0
1994,Illegal Flight,0,0
1994,International Scheduled Passenger,1,7
1994,Military,3,23
1994,Non Scheduled Passenger,5,22
1994,Official state flight,0,0
1994,Parachuting,0,0
1994,Passenger,0,0
1994,Private,0,0
1994,Scheduled Passenger,7,85
1994,Survey/research,0,0
1994,Test,0,0
1994,Training,0,0
1994,Unknown,0,0
1995,"Aerial Work (Calibration, Photo)",0,0
1995,Agricultural,0,0
1995,Ambulance,0,0
1995,Cargo,5,13
1995,Demonstration,0,0
1995,Executive,2,0
1995,Ferry/positioning,3,1
1995,Fire fighting,1,2
1995,Illegal Flight,0,0
1995,International Scheduled Passenger,4,136
1995,Military,2,78
1995,Non Scheduled Passenger,2,53
1995,Official state flight,0,0
1995,Parachuting,0,0
1995,Passenger,0,0
1995,Private,0,0
1995,Scheduled Passenger,11,79
1995,Survey/research,0,0
1995,Test,0,0
1995,Training,1,2
1995,Unknown,1,2
1996,"Aerial Work (Calibration, Photo)",0,0
1996,Agricultural,0,0
1996,Ambulance,0,0
1996,Cargo,9,50
1996,Demonstration,0,0
1996,Executive,0,0
1996,Ferry/positioning,0,0
1996,Fire fighting,0,0
1996,Illegal Flight,0,0
1996,International Scheduled Passenger,5,425
1996,Military,4,37
1996,Non Scheduled Passenger,3,5
1996,Official state flight,0,0
1996,Parachuting,0,0
1996,Passenger,0,0
1996,Private,1,3
1996,Scheduled Passenger,8,169
1996,Survey/research,0,0
1996,Test,1,6
1996,Training,0,0
1996,Unknown,0,0
1997,"Aerial Work (Calibration, Photo)",0,0
1997,Agricultural,0,0
1997,Ambulance,0,0
1997,Cargo,5,4
1997,Demonstration,0,0
1997,Executive,1,1
1997,Ferry/positioning,1,3
1997,Fire fighting,0,0
1997,Illegal Flight,0,0
1997,International Scheduled Passenger,3,1
1997,Military,3,38
1997,Non Scheduled Passenger,3,19
1997,Official state flight,0,0
1997,Parachuting,0,0
1997,Passenger,0,0
1997,Private,1,3
1997,Scheduled Passenger,9,12
1997,Survey/research,0,0
1997,Test,0,0
1997,Training,0,0
1997,Unknown,0,0
1998,"Aerial Work (Calibration, Photo)",0,0
1998,Agricultural,0,0
1998,Ambulance,0,0
1998,Cargo,8,9
1998,Demonstration,0,0
1998,Executive,0,0
1998,Ferry/positioning,3,3
1998,Fire fighting,0,0
1998,Illegal Flight,0,0
1998,International Scheduled Passenger,3,299
1998,Military,1,0
1998,Non Scheduled Passenger,1,3
1998,Official state flight,0,0
1998,Parachuting,0,0
1998,Passenger,0,0
1998,Private,0,0
1998,Scheduled Passenger,10,202
1998,Survey/research,0,0
1998,Test,1,2
1998,Training,0,0
1998,Unknown,1,0
1999,"Aerial Work (Calibration, Photo)",0,0
1999,Agricultural,0,0
1999,Ambulance,0,0
1999,Cargo,6,14
1999,Demonstration,0,0
1999,Executive,3,3
1999,Ferry/positioning,2,2
1999,Fire fighting,0,0
1999,Illegal Flight,1,1
1999,International Scheduled Passenger,2,217
1999,Military,1,16
1999,Non Scheduled Passenger,4,3
1999,Official state flight,0,0
1999,Parachuting,0,0
1999,Passenger,0,0
1999,Private,2,3
1999,Scheduled Passenger,11,159
1999,Survey/research,0,0
1999,Test,0,0
1999,Training,1,0
1999,Unknown,0,0
2000,"Aerial Work (Calibration, Photo)",0,0
2000,Agricultural,0,0
2000,Ambulance,1,5
2000,Cargo,4,5
2000,Demonstration,0,0
2000,Executive,1,2
2000,Ferry/positioning,2,1
2000,Fire fighting,0,0
2000,Illegal Flight,0,0
2000,International Scheduled Passenger,5,227
2000,Military,2,2
2000,Non Scheduled Passenger,5,57
2000,Official state flight,0,0
2000,Parachuting,0,0
2000,Passenger,0,0
2000,Private,1,1
2000,Scheduled Passenger,2,0
2000,Survey/research,0,0
2000,Test,1,0
2000,Training,0,0
2000,Unknown,0,0
2001,"Aerial Work (Calibration, Photo)",0,0
2001,Agricultural,0,0
2001,Ambulance,0,0
2001,Cargo,5,4
2001,Demonstration,0,0
2001,Executive,2,0
2001,Ferry/positioning,5,5
2001,Fire fighting,0,0
2001,Illegal Flight,0,0
2001,International Scheduled Passenger,5,378
2001,Military,0,0
2001,Non Scheduled Passenger,4,24
2001,Official state flight,0,0
2001,Parachuting,0,0
2001,Passenger,0,0
2001,Private,1,0
2001,Scheduled Passenger,6,163
2001,Survey/research,0,0
2001,Test,0,0
2001,Training,0,0
2001,Unknown,0,0
2002,"Aerial Work (Calibration, Photo)",0,0
2002,Agricultural,0,0
2002,Ambulance,1,0
2002,Cargo,2,1
2002,Demonstration,0,0
2002,Executive,0,0
2002,Ferry/positioning,3,3
2002,Fire fighting,1,3
2002,Illegal Flight,0,0
2002,International Scheduled Passenger,1,20
2002,Military,0,0
2002,Non Scheduled Passenger,5,52
2002,Official state flight,0,0
2002,Parachuting,0,0
2002,Passenger,0,0
2002,Private,0,0
2002,Scheduled Passenger,8,53
2002,Survey/research,1,3
2002,Test,1,0
2002,Training,1,0
2002,Unknown,1,1
2003,"Aerial Work (Calibration, Photo)",0,0
2003,Agricultural,0,0
2003,Ambulance,0,0
2003,Cargo,8,8
2003,Demonstration,0,0
2003,Executive,1,0
2003,Ferry/positioning,3,4
2003,Fire fighting,0,0
2003,Illegal Flight,0,0
2003,International Scheduled Passenger,1,141
2003,Military,1,5
2003,Non Scheduled Passenger,5,91
2003,Official state flight,0,0
2003,Parachuting,0,0
2003,Passenger,0,0
2003,Private,1,2
2003,Scheduled Passenger,9,125
2003,Survey/research,0,0
2003,Test,0,0
2003,Training,0,0
2003,Unknown,0,0
2004,"Aerial Work (Calibration, Photo)",0,0
2004,Agricultural,0,0
2004,Ambulance,0,0
2004,Cargo,8,11
2004,Demonstration,0,0
2004,Executive,1,0
2004,Ferry/positioning,2,8
2004,Fire fighting,0,0
2004,Illegal Flight,0,0
2004,International Scheduled Passenger,1,0
2004,Military,0,0
2004,Non Scheduled Passenger,2,0
2004,Official state flight,0,0
2004,Parachuting,0,0
2004,Passenger,1,0
2004,Private,1,0
2004,Scheduled Passenger,5,53
2004,Survey/research,0,0
2004,Test,0,0
2004,Training,0,0
2004,Unknown,0,0
2005,"Aerial Work (Calibration, Photo)",0,0
2005,Agricultural,0,0
2005,Ambulance,1,0
2005,Cargo,3,3
2005,Demonstration,0,0
2005,Executive,0,0
2005,Ferry/positioning,2,0
2005,Fire fighting,0,0
2005,Illegal Flight,0,0
2005,International Scheduled Passenger,2,23
2005,Military,1,3
2005,Non Scheduled Passenger,3,176
2005,Official state flight,0,0
2005,Parachuting,0,0
2005,Passenger,0,0
2005,Private,0,0
2005,Scheduled Passenger,7,168
2005,Survey/research,0,0
2005,Test,0,0
2005,Training,0,0
2005,Unknown,0,0
2006,"Aerial Work (Calibration, Photo)",0,0
2006,Agricultural,0,0
2006,Ambulance,0,0
2006,Cargo,7,0
2006,Demonstration,1,1
2006,Executive,3,0
2006,Ferry/positioning,1,0
2006,Fire fighting,0,0
2006,Illegal Flight,0,0
2006,International Scheduled Passenger,2,0
2006,Military,2,16
2006,Non Scheduled Passenger,1,0
2006,Official state flight,0,0
2006,Parachuting,0,0
2006,Passenger,0,0
2006,Private,0,0
2006,Scheduled Passenger,3,154
2006,Survey/research,0,0
2006,Test,1,0
2006,Training,0,0
2006,Unknown,1,0
2007,"Aerial Work (Calibration, Photo)",0,0
2007,Agricultural,0,0
2007,Ambulance,0,0
2007,Cargo,5,4
2007,Demonstration,0,0
2007,Executive,4,3
2007,Ferry/positioning,3,1
2007,Fire fighting,0,0
2007,Illegal Flight,0,0
2007,International Scheduled Passenger,1,0
2007,Military,0,0
2007,Non Scheduled Passenger,2,1
2007,Official state flight,0,0
2007,Parachuting,0,0
2007,Passenger,1,0
2007,Private,2,1
2007,Scheduled Passenger,9,0
2007,Survey/research,1,2
2007,Test,0,0
2007,Training,0,0
2007,Unknown,2,2
2008,"Aerial Work (Calibration, Photo)",0,0
2008,Agricultural,0,0
2008,Ambulance,0,0
2008,Cargo,5,8
2008,Demonstration,0,0
2008,Executive,4,12
2008,Ferry/positioning,1,1
2008,Fire fighting,0,0
2008,Illegal Flight,0,0
2008,International Scheduled Passenger,3,0
2008,Military,0,0
2008,Non Scheduled Passenger,2,0
2008,Official state flight,0,0
2008,Parachuting,0,0
2008,Passenger,0,0
2008,Private,2,2
2008,Scheduled Passenger,3,2
2008,Survey/research,0,0
2008,Test,1,3
2008,Training,0,0
2008,Unknown,0,0
2009,"Aerial Work (Calibration, Photo)",0,0
2009,Agricultural,0,0
2009,Ambulance,1,0
2009,Cargo,2,9
2009,Demonstration,0,0
2009,Executive,0,0
2009,Ferry/positioning,2,1
2009,Fire fighting,0,0
2009,Illegal Flight,0,0
2009,International Scheduled Passenger,1,0
2009,Military,4,7
2009,Non Scheduled Passenger,0,0
2009,Official state flight,0,0
2009,Parachuting,0,0
2009,Passenger,1,0
2009,Private,2,4
2009,Scheduled Passenger,7,31
2009,Survey/research,0,0
2009,Test,0,0
2009,Training,0,0
2009,Unknown,2,2
2010,"Aerial Work (Calibration, Photo)",0,0
2010,Agricultural,0,0
2010,Ambulance,0,0
2010,Cargo,4,8
2010,Demonstration,0,0
2010,Executive,2,0
2010,Ferry/positioning,0,0
2010,Fire fighting,0,0
2010,Illegal Flight,0,0
2010,International Scheduled Passenger,0,0
2010,Military,3,21
2010,Non Scheduled Passenger,1,5
2010,Official state flight,0,0
2010,Parachuting,1,0
2010,Passenger,0,0
2010,Private,0,0
2010,Scheduled Passenger,9,286
2010,Survey/research,0,0
2010,Test,0,0
2010,Training,0,0
2010,Unknown,0,0
2011,"Aerial Work (Calibration, Photo)",0,0
2011,Agricultural,0,0
2011,Ambulance,0,0
2011,Cargo,2,3
2011,Demonstration,0,0
2011,Executive,0,0
2011,Ferry/positioning,0,0
2011,Fire fighting,0,0
2011,Illegal Flight,0,0
2011,International Scheduled Passenger,1,0
2011,Military,3,105
2011,Non Scheduled Passenger,3,3
2011,Official state flight,0,0
2011,Parachuting,0,0
2011,Passenger,0,0
2011,Private,1,0
2011,Scheduled Passenger,8,52
2011,Survey/research,0,0
2011,Test,0,0
2011,Training,1,0
2011,Unknown,0,0
2012,"Aerial Work (Calibration, Photo)",0,0
2012,Agricultural,0,0
2012,Ambulance,0,0
2012,Cargo,2,4
2012,Demonstration,0,0
2012,Executive,2,2
2012,Ferry/positioning,2,0
2012,Fire fighting,0,0
2012,Illegal Flight,0,0
2012,International Scheduled Passenger,1,0
2012,Military,2,33
2012,Non Scheduled Passenger,1,0
2012,Official state flight,0,0
2012,Parachuting,0,0
2012,Passenger,0,0
2012,Private,0,0
2012,Scheduled Passenger,4,2
2012,Survey/research,0,0
2012,Test,1,0
2012,Training,0,0
2012,Unknown,1,0
2013,"Aerial Work (Calibration, Photo)",0,0
2013,Agricultural,0,0
2013,Ambulance,0,0
2013,Cargo,2,2
2013,Demonstration,0,0
2013,Executive,0,0
2013,Ferry/positioning,3,6
2013,Fire fighting,0,0
2013,Illegal Flight,0,0
2013,International Scheduled Passenger,3,0
2013,Military,0,0
2013,Non Scheduled Passenger,4,16
2013,Official state flight,0,0
2013,Parachuting,0,0
2013,Passenger,0,0
2013,Private,2,6
2013,Scheduled Passenger,6,11
2013,Survey/research,0,0
2013,Test,0,0
2013,Training,1,1
2013,Unknown,1,0
2014,"Aerial Work (Calibration, Photo)",0,0
2014,Agricultural,0,0
2014,Ambulance,0,0
2014,Cargo,5,21
2014,Demonstration,0,0
2014,Executive,1,9
2014,Ferry/positioning,1,1
2014,Fire fighting,0,0
2014,Illegal Flight,0,0
2014,International Scheduled Passenger,4,1
2014,Military,1,5
2014,Non Scheduled Passenger,5,4
2014,Official state flight,0,0
2014,Parachuting,0,0
2014,Passenger,0,0
2014,Private,3,5
2014,Scheduled Passenger,2,0
2014,Survey/research,0,0
2014,Test,1,0
2014,Training,0,0
2014,Unknown,1,7
2015,"Aerial Work (Calibration, Photo)",0,0
2015,Agricultural,0,0
2015,Ambulance,0,0
2015,Cargo,2,0
2015,Demonstration,0,0
2015,Executive,2,0
2015,Ferry/positioning,3,0
2015,Fire fighting,0,0
2015,Illegal Flight,0,0
2015,International Scheduled Passenger,0,0
2015,Military,3,32
2015,Non Scheduled Passenger,1,0
2015,Official state flight,0,0
2015,Parachuting,2,3
2015,Passenger,0,0
2015,Private,1,0
2015,Scheduled Passenger,7,64
2015,Survey/research,1,3
2015,Test,0,0
2015,Training,0,0
2015,Unknown,1,9
2016,"Aerial Work (Calibration, Photo)",0,0
2016,Agricultural,0,0
2016,Ambulance,1,0
2016,Cargo,2,5
2016,Demonstration,0,0
2016,Executive,2,0
2016,Ferry/positioning,0,0
2016,Fire fighting,0,0
2016,Illegal Flight,0,0
2016,International Scheduled Passenger,0,0
2016,Military,3,43
2016,Non Scheduled Passenger,1,4
2016,Official state flight,1,5
2016,Parachuting,1,0
2016,Passenger,0,0
2016,Private,3,6
2016,Scheduled Passenger,4,47
2016,Survey/research,0,0
2016,Test,0,0
2016,Training,0,0
2016,Unknown,0,0
2017,"Aerial Work (Calibration, Photo)",0,0
2017,Agricultural,0,0
2017,Ambulance,3,12
2017,Cargo,1,1
2017,Demonstration,0,0
2017,Executive,0,0
2017,Ferry/positioning,0,0
2017,Fire fighting,0,0
2017,Illegal Flight,0,0
2017,International Scheduled Passenger,0,0
2017,Military,0,0
2017,Non Scheduled Passenger,1,0
2017,Official state flight,0,0
2017,Parachuting,0,0
2017,Passenger,1,0
2017,Private,0,0
2017,Scheduled Passenger,1,1
2017,Survey/research,0,0
2017,Test,0,0
2017,Training,0,0
2017,Unknown,0,0
2018,"Aerial Work (Calibration, Photo)",0,0
2018,Agricultural,0,0
2018,Ambulance,0,0
2018,Cargo,1,0
2018,Demonstration,0,0
2018,Executive,0,0
2018,Ferry/positioning,0,0
2018,Fire fighting,0,0
2018,Illegal Flight,0,0
2018,International Scheduled Passenger,0,0
2018,Military,1,18
2018,Non Scheduled Passenger,1,1
2018,Official state flight,0,0
2018,Parachuting,0,0
2018,Passenger,0,0
2018,Private,2,2
2018,Scheduled Passenger,1,0
2018,Survey/research,0,0
2018,Test,0,0
2018,Training,0,0
2018,Unknown,1,0
